quadrant,accuracy,correct,support
quad1,0.4117647058823529,7,17
quad2,0.5263157894736842,10,19
quad3,0.7,7,10
quad4,1.0,9,9
quad5,0.6111111111111112,11,18
