label,precision,recall,f1_score,support
empty,0.8,0.5333333333333333,0.64,15
static_presence,0.53125,0.6071428571428571,0.5666666666666667,28
movement,0.6129032258064516,0.6333333333333333,0.6229508196721313,30
