quadrant,accuracy,correct,support
quad1,0.5641025641025641,22,39
quad2,0.5098039215686274,26,51
quad3,0.5,11,22
quad4,0.42105263157894735,8,19
quad5,0.9285714285714286,13,14
