label,precision,recall,f1_score,support
empty,0.76,0.7037037037037037,0.7307692307692308,27
static_presence,0.5230769230769231,0.576271186440678,0.5483870967741935,59
movement,0.4909090909090909,0.4576271186440678,0.4736842105263158,59
