label,precision,recall,f1_score,support
empty,0.4722222222222222,0.6296296296296297,0.5396825396825397,27
static_presence,0.5714285714285714,0.6779661016949152,0.6201550387596898,59
movement,0.5384615384615384,0.3559322033898305,0.42857142857142855,59
