quadrant,accuracy,correct,support
quad1,0.48717948717948717,19,39
quad2,0.47058823529411764,24,51
quad3,0.7272727272727273,16,22
quad4,0.3157894736842105,6,19
quad5,0.9285714285714286,13,14
