label,precision,recall,f1_score,support
empty,0.4722222222222222,0.6296296296296297,0.5396825396825397,27
presence,0.908256880733945,0.8389830508474576,0.8722466960352423,118
