label,precision,recall,f1_score,support
static_presence,0.5753424657534246,0.711864406779661,0.6363636363636364,59
movement,0.6222222222222222,0.4745762711864407,0.5384615384615384,59
