label,precision,recall,f1_score,support
empty,0.9166666666666666,0.7333333333333333,0.8148148148148148,15
static_presence,0.65625,0.75,0.7,28
movement,0.6896551724137931,0.6666666666666666,0.6779661016949153,30
