label,precision,recall,f1_score,support
empty,0.30612244897959184,0.5555555555555556,0.3947368421052632,27
static_presence,0.5967741935483871,0.6271186440677966,0.6115702479338843,59
movement,0.6764705882352942,0.3898305084745763,0.49462365591397844,59
