quadrant,accuracy,correct,support
quad1,0.4358974358974359,17,39
quad2,0.4117647058823529,21,51
quad3,0.6363636363636364,14,22
quad4,0.47368421052631576,9,19
quad5,1.0,14,14
