quadrant,accuracy,correct,support
quad1,0.29411764705882354,5,17
quad2,0.7894736842105263,15,19
quad3,0.6,6,10
quad4,0.7777777777777778,7,9
quad5,0.8333333333333334,15,18
