label,precision,recall,f1_score,support
empty,0.4583333333333333,0.5641025641025641,0.5057471264367815,39
static_presence,0.6376811594202898,0.7457627118644068,0.6875,59
movement,0.7804878048780488,0.5333333333333333,0.6336633663366336,60
