quadrant,accuracy,correct,support
quad1,0.5116279069767442,22,43
quad2,0.5714285714285714,16,28
quad3,0.7142857142857143,20,28
quad4,0.5757575757575758,19,33
quad5,0.8076923076923077,21,26
