test_quadrant,train_samples,test_samples,train_groups,test_groups,accuracy,macro_f1_all_classes,macro_f1_supported_classes,weighted_f1,empty_f1,static_presence_f1,movement_f1,train_samples_empty,test_samples_empty,train_samples_static_presence,test_samples_static_presence,train_samples_movement,test_samples_movement
quad1,335,82,158,45,0.23170731707317074,0.1872222222222222,0.1872222222222222,0.19634146341463415,0.0,0.18666666666666668,0.375,96,24,117,30,122,28
quad2,323,94,153,50,0.3191489361702128,0.3019297876813118,0.3019297876813118,0.2976596191950049,0.3380281690140845,0.12000000000000002,0.44776119402985076,87,33,115,32,121,29
quad4,348,69,167,36,0.5217391304347826,0.35957823443392595,0.5393673516508889,0.5265577786031943,0.0,0.6197183098591549,0.4590163934426229,120,0,118,29,110,40
quad3,346,71,164,39,0.5352112676056338,0.5135019137678712,0.5135019137678712,0.5224833040797979,0.43749999999999994,0.4680851063829787,0.634920634920635,99,21,124,23,123,27
quad5,316,101,170,33,0.693069306930693,0.6800694597304767,0.6800694597304767,0.6944626666056438,0.8311688311688312,0.5423728813559322,0.6666666666666667,78,42,114,33,124,26
