label,precision,recall,f1_score,support
empty,0.9285714285714286,0.8666666666666667,0.896551724137931,15
static_presence,0.0,0.0,0.0,1
movement,0.3333333333333333,1.0,0.5,1
