label,precision,recall,f1_score,support
empty,0.76,0.7037037037037037,0.7307692307692308,27
static_presence,0.5584415584415584,0.7288135593220338,0.6323529411764706,59
movement,0.5813953488372093,0.423728813559322,0.4901960784313726,59
