quadrant,accuracy,correct,support
quad1,0.5384615384615384,21,39
quad2,0.6274509803921569,32,51
quad3,0.8181818181818182,18,22
quad4,0.21052631578947367,4,19
quad5,0.8571428571428571,12,14
