label,precision,recall,f1_score,support
empty,0.6,0.42857142857142855,0.5,7
static_presence,0.6666666666666666,0.6153846153846154,0.64,13
movement,0.5882352941176471,0.7142857142857143,0.6451612903225806,14
