quadrant,accuracy,correct,support
quad1,0.6,6,10
quad2,0.5,4,8
quad3,0.25,1,4
quad4,0.8888888888888888,8,9
quad5,0.6666666666666666,2,3
