quadrant,accuracy,correct,support
quad1,0.5217391304347826,36,69
quad2,0.6236559139784946,58,93
quad3,0.825,33,40
quad4,0.4857142857142857,17,35
quad5,0.6666666666666666,16,24
