label,precision,recall,f1_score,support
movement,0.6101694915254238,0.5901639344262295,0.6000000000000001,61
static_presence,0.5535714285714286,0.5740740740740741,0.5636363636363636,54
