label,precision,recall,f1_score,support
empty,0.65,0.48148148148148145,0.553191489361702,27
presence,0.8870967741935484,0.9401709401709402,0.9128630705394192,117
