quadrant,accuracy,correct,support
quad1,0.43478260869565216,10,23
quad2,0.6086956521739131,14,23
quad3,0.6451612903225806,20,31
quad4,0.5882352941176471,20,34
quad5,0.75,3,4
