quadrant,accuracy,correct,support
quad1,0.90625,29,32
quad2,0.6585365853658537,27,41
quad3,0.9629629629629629,26,27
quad4,1.0,21,21
quad5,0.8695652173913043,20,23
