top_k,max_depth,min_samples_split,train_samples,test_samples,train_files,test_files,accuracy,macro_precision,macro_recall,macro_f1,weighted_precision,weighted_recall,weighted_f1,empty_precision,empty_recall,empty_f1,static_presence_precision,static_presence_recall,static_presence_f1,movement_precision,movement_recall,movement_f1,tree_nodes,tree_decision_nodes,tree_leaf_nodes,tree_actual_max_depth,selected_indices
126,6,5,645,145,186,46,0.5793103448275863,0.5787593820638667,0.6218874241473111,0.5856505436639922,0.5880667511585334,0.5793103448275863,0.5720983715557616,0.5365853658536586,0.8148148148148148,0.6470588235294118,0.5806451612903226,0.6101694915254238,0.5950413223140496,0.6190476190476191,0.4406779661016949,0.5148514851485149,59,29,30,6,112;109;124;121;118;115;103;23;106;37;40;43;46;17;58;31;55;34;13;98;19;22;16;96;25;94;7;91;64;28;1;29;61;113;39;10;4;92;97;99;100;36;90;93;38;89;123;11;83;95;79;51;52;49;73;86;45;70;82;67;5;84;76;87;107;33;32;120;30;117;101;77;122;85;88;110;42;104;114;80;48;116;78;81;44;41;57;75;26;108;102;27;24;72;71;74;63;50;53;105;125;8;47;69;111;54;6;2;9;59;35;14;68;66;0;3;56;20;60;65;12;18;21;15;119;62
70,6,5,645,145,186,46,0.5517241379310345,0.5913286713286714,0.5792006695961498,0.58428017935658,0.5541046539667229,0.5517241379310345,0.5519515611137882,0.76,0.7037037037037037,0.7307692307692308,0.5230769230769231,0.576271186440678,0.5483870967741935,0.4909090909090909,0.4576271186440678,0.4736842105263158,67,33,34,6,112;109;124;121;118;115;103;23;106;37;40;43;46;17;58;31;55;34;13;98;19;22;16;96;25;94;7;91;64;28;1;29;61;113;39;10;4;92;97;99;100;36;90;93;38;89;123;11;83;95;79;51;52;49;73;86;45;70;82;67;5;84;76;87;107;33;32;120;30;117
100,6,5,645,145,186,46,0.5448275862068965,0.5441038289875499,0.5869428750784683,0.544701754385965,0.55640324657967,0.5448275862068965,0.5324980036297641,0.4883720930232558,0.7777777777777778,0.6000000000000001,0.5606060606060606,0.6271186440677966,0.592,0.5833333333333334,0.3559322033898305,0.4421052631578947,63,31,32,6,112;109;124;121;118;115;103;23;106;37;40;43;46;17;58;31;55;34;13;98;19;22;16;96;25;94;7;91;64;28;1;29;61;113;39;10;4;92;97;99;100;36;90;93;38;89;123;11;83;95;79;51;52;49;73;86;45;70;82;67;5;84;76;87;107;33;32;120;30;117;101;77;122;85;88;110;42;104;114;80;48;116;78;81;44;41;57;75;26;108;102;27;24;72;71;74;63;50;53;105
