quadrant,accuracy,correct,support
quad1,0.5,5,10
quad2,0.7272727272727273,8,11
quad3,0.8333333333333334,5,6
quad4,0.4,2,5
quad5,0.6,6,10
