label,precision,recall,f1_score,support
empty,0.8333333333333334,0.5555555555555556,0.6666666666666667,9
static_presence,0.6,0.5294117647058824,0.5625,17
movement,0.5714285714285714,0.75,0.6486486486486486,16
