quadrant,accuracy,correct,support
quad1,0.7037037037037037,19,27
quad2,0.4772727272727273,21,44
quad3,0.6956521739130435,16,23
quad4,0.85,17,20
quad5,0.9,9,10
