label,precision,recall,f1_score,support
empty,0.5365853658536586,0.8148148148148148,0.6470588235294118,27
static_presence,0.5806451612903226,0.6101694915254238,0.5950413223140496,59
movement,0.6190476190476191,0.4406779661016949,0.5148514851485149,59
