label,precision,recall,f1_score,support
empty,0.76,0.7037037037037037,0.7307692307692308,27
static_presence,0.5625,0.7627118644067796,0.6474820143884892,59
movement,0.675,0.4576271186440678,0.5454545454545455,59
