label,precision,recall,f1_score,support
empty,0.8181818181818182,0.23076923076923078,0.36000000000000004,39
static_presence,0.5102040816326531,0.847457627118644,0.6369426751592357,59
movement,0.673469387755102,0.55,0.6055045871559633,60
