quadrant,accuracy,correct,support
quad1,0.3488372093023256,15,43
quad2,0.5,14,28
quad3,0.75,21,28
quad4,0.6666666666666666,22,33
quad5,0.7692307692307693,20,26
