held_out_group,group_field,train_files,test_files,train_windows,test_windows,selected_feature_count,selected_subcarrier_count,accuracy,macro_f1,weighted_f1,roc_auc_ovr_macro,average_precision_macro,empty_f1,static_presence_f1,movement_f1,test_samples
quad1,quadrant,240,60,4061,978,160,106,0.8568507157464212,0.8550335570469798,0.855436721977464,0.9428152126674663,0.8850347661471387,0.85,0.7651006711409396,0.95,978
quad2,quadrant,240,60,4029,1010,160,95,0.7970297029702971,0.7934746526295822,0.794353519859028,0.9394570697139524,0.8895150420533103,0.8092189500640204,0.6666666666666666,0.9045383411580594,1010
quad3,quadrant,240,60,4023,1016,160,105,0.8710629921259843,0.8664846160895326,0.866722957902885,0.9607232122217816,0.9239435896092595,0.8755244755244755,0.7827529021558872,0.9411764705882353,1016
quad4,quadrant,240,60,4022,1017,160,95,0.7453294001966568,0.7464117604355541,0.7466641183905832,0.9054783607944046,0.8373399783517655,0.7522935779816514,0.615146831530139,0.8717948717948718,1017
quad5,quadrant,240,60,4021,1018,160,95,0.8526522593320236,0.8446509315641273,0.8447155024253402,0.9524519440413091,0.9242013175543963,0.9103840682788051,0.7390542907180385,0.884514435695538,1018
