held_out_group,group_field,train_files,test_files,train_windows,test_windows,selected_feature_count,selected_subcarrier_count,accuracy,macro_f1,weighted_f1,roc_auc_ovr_macro,average_precision_macro,empty_f1,static_presence_f1,movement_f1,test_samples
session_01,session,150,150,2542,2497,160,100,0.8185822987585102,0.8050641503783078,0.8062167184286819,0.947416245455105,0.9010800820923182,0.839223494275759,0.6584615384615384,0.9175074183976261,2497
session_02,session,150,150,2497,2542,160,98,0.7942564909520063,0.7900574808440606,0.7899329712765669,0.9440861080023826,0.8898453700307097,0.7041251778093883,0.7313510693792384,0.9346961953435547,2542
