session,accuracy_mean,accuracy_std
session_01,0.8433927729232698,0.02759168317673194
session_02,0.8432412468723391,0.03716246475967096
