{
    "window_size": 5,
    "step_size": 2,
    "correlation_threshold": 0.4,
    "means": [
        0.0,
        0.0,
        0.0,
        0.0,
        0.0,
        0.0,
        4.761257097829224,
        4.876723727722362,
        5.111651536802673,
        5.25575685027395,
        5.435433666027076,
        5.435094833731647,
        5.555794720541873,
        5.77496714508159,
        5.917987111076205,
        6.182069124764457,
        6.2298309379985986,
        6.348882399449718,
        6.620777505429261,
        6.816141906807868,
        7.011417421525638,
        7.0129129258766225,
        7.094324799601053,
        7.303603694925626,
        7.447465115900233,
        7.551926575624608,
        7.621672575836164,
        7.682919558073357,
        7.660067635290427,
        7.672399615557926,
        7.6040889605974105,
        7.5121575490474655,
        0.0,
        7.496629302620067,
        7.566647749995453,
        7.4025172789305,
        7.299560561843628,
        7.319517051262778,
        7.389629107473094,
        7.353136121721887,
        7.322778066214528,
        7.25998581258719,
        7.323015025181696,
        7.297938599189607,
        7.4501367181136215,
        7.4821703814034395,
        7.604551304842274,
        7.686835832517482,
        7.736997412208205,
        7.965313263338596,
        7.910200725627472,
        8.234713519037129,
        8.27375116812539,
        8.611250186826506,
        8.914527314519665,
        9.091306676321592,
        9.176702077994792,
        9.422350793784105,
        9.540519747294711,
        0.0,
        0.0,
        0.0,
        0.0,
        0.0,
        0.0,
        0.0,
        57.63451182820709,
        56.11163741403693,
        57.567752896620426,
        57.39828220827975,
        50.10785608258781,
        49.72445108784343,
        49.93793195264749,
        49.86942721168604,
        49.205491987324876,
        48.81276902368173,
        48.879994931386726,
        49.064439989713165,
        49.185571802405775,
        48.364703862410956,
        48.467696268248325,
        48.295411863504555,
        48.21761283649563,
        48.37285216515163,
        49.21366703235791,
        49.2403637035711,
        49.81003790383156,
        50.18243907955865,
        50.209832430149426,
        51.03995946471299,
        51.41285207032722,
        52.32594283392208,
        52.894533361090616,
        53.765227425117075,
        53.88543719364518,
        54.942415458590546,
        64.77380765343202,
        57.490897066347216,
        57.40351591540704,
        58.00557479551603,
        58.42225953749346,
        57.95452519162817,
        58.78092729144759,
        58.624627063071514,
        58.60223148464939,
        58.6830685177422,
        57.2657171182326,
        55.99495521549663,
        55.201498256388234,
        54.04036685489372,
        53.0991343750127,
        52.580082718828784,
        51.98343702368585,
        50.32826043144779,
        48.41299948125569,
        47.88375666780064,
        46.73974552172495,
        45.938901113981004,
        44.79463806393488,
        43.49323056840677,
        42.230415288220584,
        41.24731333967572,
        40.044823879173435,
        0.0,
        0.0,
        0.0,
        0.0,
        0.0,
        0.0,
        0.0,
        0.0,
        0.0,
        0.0,
        0.0,
        21.281631732054606,
        22.046287959741413,
        23.148868101416777,
        24.02594649350711,
        24.65462441091104,
        24.66790109762548,
        25.260925278763896,
        26.294737107703522,
        26.90906719565964,
        27.70001708854472,
        28.180997705754518,
        28.659766396363647,
        29.860545352179905,
        30.91794265150641,
        32.018274499095476,
        31.964931640918163,
        32.51491671914269,
        32.98550221083542,
        34.07187251155928,
        34.3958030863358,
        34.80318323513124,
        35.223466936777285,
        34.47444573144937,
        34.82061876782361,
        34.48394697384103,
        34.049548622849,
        39.18144135459373,
        34.26294769572507,
        34.6127560326612,
        34.274528720490544,
        33.42857938411564,
        33.7207800476887,
        33.89954933929302,
        33.71923831126497,
        33.755598678980924,
        33.34391671136352,
        33.14407738626486,
        33.324717094140546,
        33.96885492479898,
        34.18257144667826,
        34.639850923934816,
        34.899265946764025,
        35.832519027090584,
        36.329912681729546,
        36.17044940635123,
        37.59749913969736,
        38.10684212268241,
        39.29375184024335,
        40.914862876332606,
        40.98917139078283,
        41.9067036441709,
        42.707169587562404,
        43.692024146379076,
        51.45011622707128,
        52.91336302034106,
        53.78027136910083,
        54.62091039808403,
        0.0
    ],