label,precision,recall,f1_score,support
static_presence,0.5373134328358209,0.6666666666666666,0.5950413223140495,54
movement,0.625,0.4918032786885246,0.5504587155963302,61
